{"epoch": 5, "model1_loss": 0.12185895411587601, "model1_accuracy": 0.96285, "model2_loss": 0.1127398392108124, "model2_accuracy": 0.9658666666666668}